"replicate","timeStep","resource1amount","resource2amount","prey1PopulationSize","prey2PopulationSize","prey1catches","prey2catches","predator1PopulationSize","prey1growthRate","prey2growthRate","predatorGrowthRate"
1,0,62500,62500,0,100,0,0,0,0,0,0
1,10,62500,57529,0,103,0,0,0,0,3,0
1,20,62500,57444,0,141,0,0,0,0,36.8932038834951,0
1,30,62500,55569,0,206,0,0,0,0,46.0992907801418,0
1,40,62500,52464,0,268,0,0,0,0,30.0970873786408,0
1,50,62500,49166,0,378,0,0,0,0,41.044776119403,0
1,60,62500,43598,0,534,0,0,0,0,41.2698412698413,0
1,70,62500,35955,0,745,0,0,0,0,39.5131086142322,0
1,80,62500,26494,0,986,0,0,0,0,32.3489932885906,0
1,90,62500,17337,0,1325,0,0,0,0,34.3813387423935,0
1,100,62500,7207,0,1544,0,0,0,0,16.5283018867925,0
1,110,62500,3560,0,1695,0,0,0,0,9.77979274611399,0
1,120,62500,2835,0,1661,0,0,0,0,-2.00589970501475,0
1,130,62500,2422,0,1683,0,0,0,0,1.32450331125828,0
1,140,62500,2651,0,1636,0,0,0,0,-2.79263220439691,0
1,150,62500,2952,0,1623,0,0,0,0,-0.794621026894866,0
1,160,62500,3185,0,1629,0,0,0,0,0.369685767097967,0
1,170,62500,3121,0,1675,0,0,0,0,2.82381829343155,0
1,180,62500,2838,0,1627,0,0,0,0,-2.86567164179104,0
1,190,62500,3199,0,1651,0,0,0,0,1.47510755992624,0
1,200,62500,3104,0,1645,0,0,0,0,-0.363416111447607,0
1,210,62500,5656,0,1197,0,62,67,0,-27.2340425531915,0
1,220,62500,14051,0,1122,0,47,40,0,-6.265664160401,-40.2985074626866
1,230,62500,14886,0,1253,0,27,29,0,11.6755793226381,-27.5
1,240,62500,10114,0,1338,0,19,28,0,6.78371907422187,-3.44827586206897
1,250,62500,8617,0,1438,0,24,26,0,7.47384155455904,-7.14285714285714
1,260,62500,6212,0,1469,0,22,24,0,2.1557719054242,-7.69230769230769
1,270,62500,5943,0,1538,0,21,23,0,4.69707283866576,-4.16666666666667
1,280,62500,4815,0,1431,0,18,22,0,-6.95708712613784,-4.34782608695652
1,290,62500,6320,0,1504,0,17,26,0,5.10132774283718,18.1818181818182
1,300,62500,6268,0,1503,0,15,24,0,-0.0664893617021277,-7.69230769230769
1,310,62500,5607,0,1441,0,26,26,0,-4.12508316699933,8.33333333333333
1,320,62500,6491,0,1505,0,20,32,0,4.44136016655101,23.0769230769231
1,330,62500,5528,0,1457,0,38,36,0,-3.18936877076412,12.5
1,340,62500,6059,0,1449,0,38,39,0,-0.549073438572409,8.33333333333333
1,350,62500,7042,0,1387,0,41,45,0,-4.27881297446515,15.3846153846154
1,360,62500,8695,0,1362,0,42,44,0,-1.80245133381399,-2.22222222222222
1,370,62500,8839,0,1342,0,39,50,0,-1.46842878120411,13.6363636363636
1,380,62500,9753,0,1275,0,28,41,0,-4.99254843517139,-18
1,390,62500,10900,0,1335,0,25,32,0,4.70588235294118,-21.9512195121951
1,400,62500,8576,0,1417,0,20,29,0,6.14232209737828,-9.375
1,410,62500,6668,0,1412,0,18,35,0,-0.352858151023289,20.6896551724138
1,420,62500,7618,0,1407,0,25,26,0,-0.354107648725212,-25.7142857142857
1,430,62500,7080,0,1466,0,23,23,0,4.19331911869225,-11.5384615384615
1,440,62500,5564,0,1520,0,20,30,0,3.68349249658936,30.4347826086957
1,450,62500,5067,0,1468,0,25,31,0,-3.42105263157895,3.33333333333333
1,460,62500,5722,0,1443,0,32,36,0,-1.70299727520436,16.1290322580645
1,470,62500,7608,0,1430,0,34,43,0,-0.900900900900901,19.4444444444444
1,480,62500,7842,0,1345,0,38,44,0,-5.94405594405594,2.32558139534884
1,490,62500,8965,0,1350,0,33,43,0,0.371747211895911,-2.27272727272727
1,500,62500,8363,0,1390,0,37,41,0,2.96296296296296,-4.65116279069767
1,510,62500,7943,0,1348,0,50,40,0,-3.02158273381295,-2.4390243902439
1,520,62500,9596,0,1353,0,27,42,0,0.370919881305638,5
1,530,62500,8852,0,1329,0,30,54,0,-1.77383592017738,28.5714285714286
1,540,62500,9563,0,1306,0,34,44,0,-1.7306245297216,-18.5185185185185
1,550,62500,9550,0,1323,0,40,36,0,1.30168453292496,-18.1818181818182
1,560,62500,9168,0,1384,0,28,36,0,4.61073318216175,0
1,570,62500,7646,0,1399,0,31,38,0,1.08381502890173,5.55555555555556
1,580,62500,8393,0,1336,0,24,39,0,-4.50321658327377,2.63157894736842
1,590,62500,9350,0,1313,0,38,48,0,-1.72155688622754,23.0769230769231
1,600,62500,10130,0,1307,0,40,43,0,-0.456968773800457,-10.4166666666667
1,610,62500,10001,0,1321,0,29,36,0,1.07115531752104,-16.2790697674419
1,620,62500,8550,0,1432,0,28,29,0,8.40272520817562,-19.4444444444444
1,630,62500,6176,0,1447,0,27,28,0,1.04748603351955,-3.44827586206897
1,640,62500,6318,0,1435,0,26,34,0,-0.82930200414651,21.4285714285714
1,650,62500,6966,0,1441,0,27,37,0,0.418118466898955,8.82352941176471
1,660,62500,7213,0,1396,0,20,32,0,-3.12283136710618,-13.5135135135135
1,670,62500,7166,0,1482,0,25,34,0,6.16045845272206,6.25
1,680,62500,5967,0,1414,0,33,43,0,-4.58839406207827,26.4705882352941
1,690,62500,7370,0,1400,0,39,34,0,-0.99009900990099,-20.9302325581395
1,700,62500,7560,0,1420,0,35,36,0,1.42857142857143,5.88235294117647
1,710,62500,7033,0,1434,0,37,44,0,0.985915492957746,22.2222222222222
1,720,62500,7184,0,1368,0,32,48,0,-4.60251046025105,9.09090909090909
1,730,62500,8757,0,1288,0,46,47,0,-5.84795321637427,-2.08333333333333
1,740,62500,10715,0,1281,0,38,42,0,-0.543478260869565,-10.6382978723404
1,750,62500,10273,0,1345,0,40,37,0,4.99609679937549,-11.9047619047619
1,760,62500,8032,0,1336,0,26,37,0,-0.669144981412639,0
1,770,62500,8828,0,1403,0,25,38,0,5.01497005988024,2.7027027027027
1,780,62500,7519,0,1396,0,32,35,0,-0.498930862437634,-7.89473684210526
1,790,62500,7438,0,1380,0,27,38,0,-1.14613180515759,8.57142857142857
1,800,62500,8271,0,1388,0,27,35,0,0.579710144927536,-7.89473684210526
1,810,62500,7790,0,1368,0,28,35,0,-1.44092219020173,0
1,820,62500,7538,0,1427,0,42,42,0,4.31286549707602,20
1,830,62500,7567,0,1369,0,35,40,0,-4.06447091800981,-4.76190476190476
1,840,62500,8328,0,1392,0,24,35,0,1.68005843681519,-12.5
1,850,62500,7481,0,1373,0,34,41,0,-1.36494252873563,17.1428571428571
1,860,62500,8563,0,1338,0,42,42,0,-2.54916241806264,2.4390243902439
1,870,62500,9555,0,1349,0,34,43,0,0.822122571001495,2.38095238095238
1,880,62500,8874,0,1349,0,30,38,0,0,-11.6279069767442
1,890,62500,9193,0,1371,0,22,36,0,1.63083765752409,-5.26315789473684
1,900,62500,7876,0,1371,0,33,34,0,0,-5.55555555555556
1,910,62500,7894,0,1426,0,29,39,0,4.01167031363968,14.7058823529412
1,920,62500,6518,0,1433,0,25,37,0,0.490883590462833,-5.12820512820513
1,930,62500,6776,0,1418,0,24,35,0,-1.04675505931612,-5.40540540540541
1,940,62500,7249,0,1395,0,34,40,0,-1.62200282087447,14.2857142857143
1,950,62500,7811,0,1375,0,33,48,0,-1.4336917562724,20
1,960,62500,8220,0,1337,0,34,43,0,-2.76363636363636,-10.4166666666667
1,970,62500,9556,0,1352,0,21,37,0,1.12191473448018,-13.953488372093
1,980,62500,8796,0,1366,0,29,33,0,1.03550295857988,-10.8108108108108
1,990,62500,7930,0,1397,0,30,36,0,2.26939970717423,9.09090909090909
1,1000,62500,8639,0,1361,0,29,41,0,-2.57695060844667,13.8888888888889
2,0,62500,62500,0,100,0,0,0,0,0,0
2,10,62500,57583,0,100,0,0,0,0,0,0
2,20,62500,57453,0,153,0,0,0,0,53,0
2,30,62500,54755,0,209,0,0,0,0,36.6013071895425,0
2,40,62500,52038,0,298,0,0,0,0,42.5837320574163,0
2,50,62500,47816,0,410,0,0,0,0,37.5838926174497,0
2,60,62500,42082,0,560,0,0,0,0,36.5853658536585,0
2,70,62500,34679,0,811,0,0,0,0,44.8214285714286,0
2,80,62500,23696,0,1081,0,0,0,0,33.2922318125771,0
2,90,62500,14160,0,1378,0,0,0,0,27.4745605920444,0
2,100,62500,7081,0,1635,0,0,0,0,18.6502177068215,0
2,110,62500,2829,0,1649,0,0,0,0,0.856269113149847,0
2,120,62500,2701,0,1679,0,0,0,0,1.81928441479685,0
2,130,62500,2686,0,1682,0,0,0,0,0.178677784395473,0
2,140,62500,3146,0,1605,0,0,0,0,-4.57788347205708,0
2,150,62500,3137,0,1634,0,0,0,0,1.80685358255452,0
2,160,62500,3143,0,1634,0,0,0,0,0,0
2,170,62500,2864,0,1691,0,0,0,0,3.48837209302326,0
2,180,62500,2588,0,1683,0,0,0,0,-0.473092844470727,0
2,190,62500,2829,0,1635,0,0,0,0,-2.85204991087344,0
2,200,62500,2987,0,1665,0,0,0,0,1.8348623853211,0
2,210,62500,5998,0,1188,0,72,70,0,-28.6486486486486,0
2,220,62500,14470,0,1136,0,42,47,0,-4.37710437710438,-32.8571428571429
2,230,62500,15119,0,1154,0,39,38,0,1.58450704225352,-19.1489361702128
2,240,62500,13860,0,1236,0,21,26,0,7.10571923743501,-31.5789473684211
2,250,62500,10250,0,1367,0,14,20,0,10.5987055016181,-23.0769230769231
2,260,62500,8046,0,1475,0,18,19,0,7.90051207022677,-5
2,270,62500,6201,0,1490,0,15,22,0,1.01694915254237,15.7894736842105
2,280,62500,4895,0,1558,0,14,23,0,4.56375838926174,4.54545454545455
2,290,62500,4655,0,1499,0,21,29,0,-3.78690629011553,26.0869565217391
2,300,62500,5669,0,1477,0,32,34,0,-1.46764509673115,17.2413793103448
2,310,62500,5983,0,1455,0,24,34,0,-1.4895057549086,0
2,320,62500,6180,0,1419,0,33,36,0,-2.47422680412371,5.88235294117647
2,330,62500,7039,0,1413,0,29,36,0,-0.422832980972516,0
2,340,62500,7612,0,1429,0,25,41,0,1.13234253361642,13.8888888888889
2,350,62500,7698,0,1371,0,32,39,0,-4.05878236529041,-4.8780487804878
2,360,62500,8186,0,1389,0,30,39,0,1.31291028446389,0
2,370,62500,7602,0,1365,0,41,45,0,-1.72786177105832,15.3846153846154
2,380,62500,8922,0,1339,0,30,48,0,-1.9047619047619,6.66666666666667
2,390,62500,9754,0,1280,0,28,48,0,-4.40627333831217,0
2,400,62500,10647,0,1310,0,37,36,0,2.34375,-25
2,410,62500,10158,0,1364,0,26,31,0,4.12213740458015,-13.8888888888889
2,420,62500,7497,0,1420,0,22,32,0,4.10557184750733,3.2258064516129
2,430,62500,6561,0,1452,0,26,25,0,2.25352112676056,-21.875
2,440,62500,6313,0,1469,0,25,35,0,1.17079889807163,40
2,450,62500,6362,0,1475,0,32,34,0,0.408441116405718,-2.85714285714286
2,460,62500,6095,0,1459,0,32,31,0,-1.08474576271186,-8.82352941176471
2,470,62500,5596,0,1478,0,20,40,0,1.30226182316655,29.0322580645161
2,480,62500,6285,0,1421,0,38,41,0,-3.85656292286874,2.5
2,490,62500,6657,0,1455,0,28,38,0,2.3926812104152,-7.31707317073171
2,500,62500,6734,0,1392,0,31,39,0,-4.32989690721649,2.63157894736842
2,510,62500,8502,0,1373,0,30,33,0,-1.36494252873563,-15.3846153846154
2,520,62500,8066,0,1411,0,36,40,0,2.76766205389658,21.2121212121212
2,530,62500,7565,0,1390,0,34,41,0,-1.48830616583983,2.5
2,540,62500,7012,0,1424,0,29,41,0,2.44604316546763,0
2,550,62500,7234,0,1388,0,37,40,0,-2.52808988764045,-2.4390243902439
2,560,62500,8071,0,1382,0,23,36,0,-0.432276657060519,-10
2,570,62500,7974,0,1366,0,30,44,0,-1.15774240231548,22.2222222222222
2,580,62500,8508,0,1353,0,27,34,0,-0.951683748169839,-22.7272727272727
2,590,62500,8294,0,1411,0,30,40,0,4.28677014042868,17.6470588235294
2,600,62500,6769,0,1417,0,38,37,0,0.425230333097094,-7.5
2,610,62500,6967,0,1404,0,36,40,0,-0.917431192660551,8.10810810810811
2,620,62500,7434,0,1381,0,36,46,0,-1.63817663817664,15
2,630,62500,8101,0,1392,0,31,38,0,0.796524257784214,-17.3913043478261
2,640,62500,7165,0,1382,0,32,38,0,-0.718390804597701,0
2,650,62500,7991,0,1391,0,23,40,0,0.65123010130246,5.26315789473684
2,660,62500,7733,0,1386,0,31,42,0,-0.359453630481668,5
2,670,62500,8119,0,1387,0,33,36,0,0.0721500721500721,-14.2857142857143
2,680,62500,8520,0,1376,0,28,38,0,-0.793078586878154,5.55555555555556
2,690,62500,7697,0,1352,0,33,45,0,-1.74418604651163,18.4210526315789
2,700,62500,8299,0,1403,0,39,35,0,3.77218934911243,-22.2222222222222
2,710,62500,6959,0,1415,0,16,35,0,0.855310049893086,0
2,720,62500,7081,0,1424,0,35,34,0,0.636042402826855,-2.85714285714286
2,730,62500,6566,0,1423,0,34,33,0,-0.0702247191011236,-2.94117647058824
2,740,62500,6965,0,1480,0,21,31,0,4.00562192550949,-6.06060606060606
2,750,62500,6025,0,1412,0,33,40,0,-4.59459459459459,29.0322580645161
2,760,62500,7633,0,1418,0,37,48,0,0.424929178470255,20
2,770,62500,8128,0,1327,0,47,49,0,-6.41748942172073,2.08333333333333
2,780,62500,9792,0,1273,0,33,50,0,-4.06932931424265,2.04081632653061
2,790,62500,11017,0,1211,0,49,42,0,-4.87038491751767,-16
2,800,62500,11869,0,1300,0,22,37,0,7.34929810074319,-11.9047619047619
2,810,62500,9507,0,1323,0,25,35,0,1.76923076923077,-5.40540540540541
2,820,62500,8993,0,1427,0,24,39,0,7.86092214663643,11.4285714285714
2,830,62500,8184,0,1374,0,37,41,0,-3.71408549404345,5.12820512820513
2,840,62500,8282,0,1399,0,39,37,0,1.81950509461427,-9.75609756097561
2,850,62500,7902,0,1386,0,30,37,0,-0.929235167977126,0
2,860,62500,7395,0,1381,0,32,35,0,-0.360750360750361,-5.40540540540541
2,870,62500,8150,0,1421,0,30,36,0,2.89645184648805,2.85714285714286
2,880,62500,6715,0,1363,0,43,41,0,-4.08163265306122,13.8888888888889
2,890,62500,8551,0,1388,0,32,42,0,1.83418928833456,2.4390243902439
2,900,62500,7616,0,1397,0,35,34,0,0.648414985590778,-19.047619047619
2,910,62500,7878,0,1397,0,35,36,0,0,5.88235294117647
2,920,62500,7763,0,1403,0,21,35,0,0.429491768074445,-2.77777777777778
2,930,62500,7946,0,1424,0,19,32,0,1.4967925873129,-8.57142857142857
2,940,62500,7391,0,1396,0,26,33,0,-1.96629213483146,3.125
2,950,62500,7207,0,1404,0,24,41,0,0.573065902578797,24.2424242424242
2,960,62500,7378,0,1459,0,46,38,0,3.91737891737892,-7.31707317073171
2,970,62500,6224,0,1404,0,29,37,0,-3.76970527758739,-2.63157894736842
2,980,62500,7335,0,1367,0,33,37,0,-2.63532763532764,0
2,990,62500,7929,0,1445,0,33,39,0,5.70592538405267,5.40540540540541
2,1000,62500,6860,0,1384,0,44,54,0,-4.22145328719723,38.4615384615385
3,0,62500,62500,0,100,0,0,0,0,0,0
3,10,62500,57620,0,97,0,0,0,0,-3,0
3,20,62500,57574,0,138,0,0,0,0,42.2680412371134,0
3,30,62500,55771,0,194,0,0,0,0,40.5797101449275,0
3,40,62500,52598,0,259,0,0,0,0,33.5051546391753,0
3,50,62500,49861,0,376,0,0,0,0,45.1737451737452,0
3,60,62500,43797,0,540,0,0,0,0,43.6170212765957,0
3,70,62500,35838,0,730,0,0,0,0,35.1851851851852,0
3,80,62500,26939,0,1031,0,0,0,0,41.2328767123288,0
3,90,62500,16037,0,1300,0,0,0,0,26.0911736178467,0
3,100,62500,7545,0,1586,0,0,0,0,22,0
3,110,62500,3541,0,1653,0,0,0,0,4.22446406052963,0
3,120,62500,2658,0,1688,0,0,0,0,2.11736237144586,0
3,130,62500,2325,0,1656,0,0,0,0,-1.8957345971564,0
3,140,62500,2852,0,1634,0,0,0,0,-1.32850241545894,0
3,150,62500,3446,0,1627,0,0,0,0,-0.428396572827417,0
3,160,62500,2773,0,1669,0,0,0,0,2.58143822987093,0
3,170,62500,2261,0,1691,0,0,0,0,1.31815458358298,0
3,180,62500,2170,0,1654,0,0,0,0,-2.18805440567711,0
3,190,62500,2712,0,1649,0,0,0,0,-0.30229746070133,0
3,200,62500,2983,0,1654,0,0,0,0,0.303214069132808,0
3,210,62500,6012,0,1172,0,78,69,0,-29.1414752116082,0
3,220,62500,15432,0,1060,0,56,48,0,-9.55631399317406,-30.4347826086957
3,230,62500,18292,0,1072,0,22,33,0,1.13207547169811,-31.25
3,240,62500,15409,0,1221,0,20,14,0,13.8992537313433,-57.5757575757576
3,250,62500,10463,0,1433,0,5,12,0,17.3628173628174,-14.2857142857143
3,260,62500,5992,0,1557,0,14,13,0,8.65317515701326,8.33333333333333
3,270,62500,4540,0,1586,0,11,17,0,1.86255619781631,30.7692307692308
3,280,62500,3748,0,1562,0,10,19,0,-1.51324085750315,11.7647058823529
3,290,62500,3579,0,1569,0,15,21,0,0.448143405889885,10.5263157894737
3,300,62500,4254,0,1582,0,19,23,0,0.82855321861058,9.52380952380952
3,310,62500,3374,0,1530,0,25,26,0,-3.28697850821745,13.0434782608696
3,320,62500,5098,0,1513,0,22,33,0,-1.11111111111111,26.9230769230769
3,330,62500,5524,0,1491,0,23,37,0,-1.45406477197621,12.1212121212121
3,340,62500,6447,0,1401,0,34,44,0,-6.03621730382294,18.9189189189189
3,350,62500,8628,0,1358,0,33,40,0,-3.06923625981442,-9.09090909090909
3,360,62500,8244,0,1389,0,22,34,0,2.28276877761414,-15
3,370,62500,7013,0,1409,0,21,31,0,1.43988480921526,-8.82352941176471
3,380,62500,6393,0,1448,0,31,36,0,2.76792051100071,16.1290322580645
3,390,62500,6560,0,1434,0,32,43,0,-0.966850828729282,19.4444444444444
3,400,62500,7012,0,1387,0,35,44,0,-3.27754532775453,2.32558139534884
3,410,62500,8032,0,1356,0,30,42,0,-2.23503965392934,-4.54545454545455
3,420,62500,8647,0,1333,0,28,45,0,-1.69616519174041,7.14285714285714
3,430,62500,9121,0,1360,0,39,33,0,2.02550637659415,-26.6666666666667
3,440,62500,8486,0,1376,0,28,32,0,1.17647058823529,-3.03030303030303
3,450,62500,8096,0,1459,0,30,33,0,6.03197674418605,3.125
3,460,62500,6188,0,1439,0,15,34,0,-1.37080191912269,3.03030303030303
3,470,62500,6061,0,1445,0,33,36,0,0.416956219596942,5.88235294117647
3,480,62500,6230,0,1443,0,29,36,0,-0.13840830449827,0
3,490,62500,6687,0,1427,0,31,41,0,-1.10880110880111,13.8888888888889
3,500,62500,6804,0,1460,0,26,37,0,2.312543798178,-9.75609756097561
3,510,62500,6676,0,1405,0,30,36,0,-3.76712328767123,-2.7027027027027
3,520,62500,7385,0,1414,0,21,34,0,0.640569395017794,-5.55555555555556
3,530,62500,7430,0,1381,0,22,33,0,-2.33380480905233,-2.94117647058824
3,540,62500,6875,0,1458,0,34,39,0,5.5756698044895,18.1818181818182
3,550,62500,6333,0,1459,0,31,47,0,0.0685871056241427,20.5128205128205
3,560,62500,7090,0,1384,0,48,48,0,-5.14050719671008,2.12765957446809
3,570,62500,8798,0,1290,0,41,40,0,-6.79190751445087,-16.6666666666667
3,580,62500,10038,0,1349,0,27,33,0,4.57364341085271,-17.5
3,590,62500,8386,0,1355,0,25,39,0,0.44477390659748,18.1818181818182
3,600,62500,8147,0,1427,0,25,32,0,5.31365313653137,-17.9487179487179
3,610,62500,6893,0,1448,0,31,34,0,1.47161878065872,6.25
3,620,62500,6674,0,1369,0,27,33,0,-5.45580110497238,-2.94117647058824
3,630,62500,8095,0,1385,0,31,31,0,1.16873630387144,-6.06060606060606
3,640,62500,7305,0,1460,0,22,32,0,5.41516245487365,3.2258064516129
3,650,62500,5679,0,1503,0,24,37,0,2.94520547945205,15.625
3,660,62500,6139,0,1420,0,29,35,0,-5.52228875582169,-5.40540540540541
3,670,62500,6413,0,1414,0,29,41,0,-0.422535211267606,17.1428571428571
3,680,62500,7634,0,1353,0,22,43,0,-4.31400282885431,4.8780487804878
3,690,62500,9413,0,1343,0,24,39,0,-0.73909830007391,-9.30232558139535
3,700,62500,8486,0,1391,0,28,40,0,3.5740878629933,2.56410256410256
3,710,62500,7077,0,1409,0,34,37,0,1.294033069734,-7.5
3,720,62500,6836,0,1392,0,29,37,0,-1.20652945351313,0
3,730,62500,7895,0,1390,0,39,38,0,-0.14367816091954,2.7027027027027
3,740,62500,8646,0,1394,0,30,33,0,0.287769784172662,-13.1578947368421
3,750,62500,7024,0,1395,0,35,35,0,0.0717360114777618,6.06060606060606
3,760,62500,7193,0,1477,0,32,35,0,5.87813620071685,0
3,770,62500,6512,0,1430,0,28,37,0,-3.1821259309411,5.71428571428571
3,780,62500,6361,0,1424,0,31,37,0,-0.41958041958042,0
3,790,62500,6587,0,1444,0,30,35,0,1.40449438202247,-5.40540540540541
3,800,62500,6361,0,1441,0,23,34,0,-0.207756232686981,-2.85714285714286
3,810,62500,6386,0,1465,0,35,36,0,1.66551006245663,5.88235294117647
3,820,62500,6313,0,1386,0,28,34,0,-5.39249146757679,-5.55555555555556
3,830,62500,7512,0,1420,0,28,45,0,2.45310245310245,32.3529411764706
3,840,62500,8071,0,1391,0,33,40,0,-2.04225352112676,-11.1111111111111
3,850,62500,8277,0,1354,0,39,38,0,-2.65995686556434,-5
3,860,62500,8937,0,1394,0,28,36,0,2.95420974889217,-5.26315789473684
3,870,62500,7698,0,1403,0,29,35,0,0.645624103299857,-2.77777777777778
3,880,62500,7632,0,1405,0,29,42,0,0.142551674982181,20
3,890,62500,8172,0,1360,0,33,32,0,-3.20284697508897,-23.8095238095238
3,900,62500,8940,0,1387,0,20,40,0,1.98529411764706,25
3,910,62500,8535,0,1368,0,29,34,0,-1.36986301369863,-15
3,920,62500,8631,0,1417,0,33,34,0,3.58187134502924,0
3,930,62500,7377,0,1436,0,21,32,0,1.3408609738885,-5.88235294117647
3,940,62500,7298,0,1395,0,21,34,0,-2.85515320334262,6.25
3,950,62500,7523,0,1423,0,30,39,0,2.00716845878136,14.7058823529412
3,960,62500,7351,0,1414,0,28,37,0,-0.632466619817287,-5.12820512820513
3,970,62500,7226,0,1423,0,30,40,0,0.636492220650636,8.10810810810811
3,980,62500,7481,0,1384,0,32,41,0,-2.74068868587491,2.5
3,990,62500,8169,0,1390,0,26,47,0,0.433526011560694,14.6341463414634
3,1000,62500,8667,0,1352,0,29,40,0,-2.73381294964029,-14.8936170212766
4,0,62500,62500,0,100,0,0,0,0,0,0
4,10,62500,57675,0,98,0,0,0,0,-2,0
4,20,62500,57673,0,142,0,0,0,0,44.8979591836735,0
4,30,62500,55096,0,198,0,0,0,0,39.4366197183099,0
4,40,62500,52906,0,293,0,0,0,0,47.979797979798,0
4,50,62500,47737,0,434,0,0,0,0,48.122866894198,0
4,60,62500,41053,0,617,0,0,0,0,42.1658986175115,0
4,70,62500,32219,0,834,0,0,0,0,35.1701782820097,0
4,80,62500,22113,0,1160,0,0,0,0,39.0887290167866,0
4,90,62500,11230,0,1452,0,0,0,0,25.1724137931034,0
4,100,62500,5017,0,1613,0,0,0,0,11.0881542699725,0
4,110,62500,3404,0,1705,0,0,0,0,5.70365778053317,0
4,120,62500,2264,0,1650,0,0,0,0,-3.2258064516129,0
4,130,62500,2694,0,1640,0,0,0,0,-0.606060606060606,0
4,140,62500,2769,0,1649,0,0,0,0,0.548780487804878,0
4,150,62500,2555,0,1670,0,0,0,0,1.27349909035779,0
4,160,62500,2452,0,1704,0,0,0,0,2.03592814371257,0
4,170,62500,2326,0,1601,0,0,0,0,-6.04460093896714,0
4,180,62500,3666,0,1678,0,0,0,0,4.80949406620862,0
4,190,62500,2769,0,1631,0,0,0,0,-2.80095351609058,0
4,200,62500,2394,0,1650,0,0,0,0,1.16492949110975,0
4,210,62500,5626,0,1172,0,70,68,0,-28.969696969697,0
4,220,62500,14866,0,1125,0,42,37,0,-4.01023890784983,-45.5882352941176
4,230,62500,14358,0,1217,0,15,32,0,8.17777777777778,-13.5135135135135
4,240,62500,11690,0,1330,0,21,27,0,9.28512736236648,-15.625
4,250,62500,9129,0,1413,0,22,23,0,6.2406015037594,-14.8148148148148
4,260,62500,7030,0,1497,0,16,30,0,5.9447983014862,30.4347826086957
4,270,62500,6211,0,1464,0,29,35,0,-2.20440881763527,16.6666666666667
4,280,62500,6101,0,1441,0,28,43,0,-1.57103825136612,22.8571428571429
4,290,62500,7868,0,1400,0,32,39,0,-2.84524635669674,-9.30232558139535
4,300,62500,7741,0,1386,0,25,35,0,-1,-10.2564102564103
4,310,62500,8078,0,1377,0,30,41,0,-0.649350649350649,17.1428571428571
4,320,62500,8255,0,1373,0,33,36,0,-0.290486564996369,-12.1951219512195
4,330,62500,7893,0,1408,0,38,32,0,2.54916241806264,-11.1111111111111
4,340,62500,7507,0,1435,0,24,33,0,1.91761363636364,3.125
4,350,62500,6312,0,1408,0,40,31,0,-1.8815331010453,-6.06060606060606
4,360,62500,6895,0,1477,0,19,31,0,4.90056818181818,0
4,370,62500,6196,0,1466,0,31,30,0,-0.744752877454299,-3.2258064516129
4,380,62500,5946,0,1506,0,13,32,0,2.72851296043656,6.66666666666667
4,390,62500,5897,0,1464,0,30,38,0,-2.78884462151394,18.75
4,400,62500,5917,0,1442,0,32,42,0,-1.50273224043716,10.5263157894737
4,410,62500,7574,0,1392,0,34,43,0,-3.46740638002774,2.38095238095238
4,420,62500,8142,0,1362,0,40,44,0,-2.1551724137931,2.32558139534884
4,430,62500,8927,0,1340,0,39,38,0,-1.61527165932452,-13.6363636363636
4,440,62500,8980,0,1350,0,37,36,0,0.746268656716418,-5.26315789473684
4,450,62500,8691,0,1368,0,29,37,0,1.33333333333333,2.77777777777778
4,460,62500,9219,0,1404,0,26,35,0,2.63157894736842,-5.40540540540541
4,470,62500,7118,0,1452,0,24,43,0,3.41880341880342,22.8571428571429
4,480,62500,6227,0,1410,0,33,39,0,-2.89256198347107,-9.30232558139535
4,490,62500,7696,0,1405,0,29,42,0,-0.354609929078014,7.69230769230769
4,500,62500,7843,0,1367,0,33,42,0,-2.70462633451957,0
4,510,62500,8452,0,1368,0,36,36,0,0.0731528895391368,-14.2857142857143
4,520,62500,8022,0,1424,0,23,31,0,4.09356725146199,-13.8888888888889
4,530,62500,6968,0,1451,0,31,26,0,1.89606741573034,-16.1290322580645
4,540,62500,6971,0,1462,0,25,33,0,0.758097863542385,26.9230769230769
4,550,62500,6735,0,1452,0,29,31,0,-0.683994528043776,-6.06060606060606
4,560,62500,6108,0,1446,0,28,35,0,-0.413223140495868,12.9032258064516
4,570,62500,6654,0,1413,0,32,45,0,-2.28215767634855,28.5714285714286
4,580,62500,7971,0,1377,0,34,41,0,-2.54777070063694,-8.88888888888889
4,590,62500,9011,0,1322,0,39,44,0,-3.99419026870007,7.31707317073171
4,600,62500,9674,0,1326,0,30,41,0,0.302571860816944,-6.81818181818182
4,610,62500,9381,0,1356,0,30,50,0,2.26244343891403,21.9512195121951
4,620,62500,9506,0,1298,0,36,45,0,-4.27728613569322,-10
4,630,62500,9477,0,1320,0,36,38,0,1.69491525423729,-15.5555555555556
4,640,62500,8761,0,1372,0,17,30,0,3.93939393939394,-21.0526315789474
4,650,62500,8246,0,1460,0,21,31,0,6.41399416909621,3.33333333333333
4,660,62500,6570,0,1444,0,33,31,0,-1.0958904109589,0
4,670,62500,6631,0,1449,0,29,42,0,0.346260387811634,35.4838709677419
4,680,62500,6490,0,1429,0,29,43,0,-1.38026224982747,2.38095238095238
4,690,62500,6556,0,1420,0,24,43,0,-0.629811056682995,0
4,700,62500,7732,0,1359,0,36,36,0,-4.29577464788732,-16.2790697674419
4,710,62500,8707,0,1401,0,20,35,0,3.09050772626932,-2.77777777777778
4,720,62500,7643,0,1395,0,25,31,0,-0.428265524625268,-11.4285714285714
4,730,62500,7439,0,1397,0,23,40,0,0.14336917562724,29.0322580645161
4,740,62500,7918,0,1384,0,28,42,0,-0.930565497494631,5
4,750,62500,7976,0,1385,0,27,31,0,0.0722543352601156,-26.1904761904762
4,760,62500,6969,0,1475,0,23,32,0,6.49819494584838,3.2258064516129
4,770,62500,5906,0,1427,0,29,28,0,-3.25423728813559,-12.5
4,780,62500,6651,0,1464,0,24,41,0,2.59285213735109,46.4285714285714
4,790,62500,6632,0,1453,0,35,38,0,-0.751366120218579,-7.31707317073171
4,800,62500,7042,0,1370,0,29,35,0,-5.712319339298,-7.89473684210526
4,810,62500,8174,0,1420,0,31,33,0,3.64963503649635,-5.71428571428571
4,820,62500,7053,0,1492,0,21,34,0,5.07042253521127,3.03030303030303
4,830,62500,6130,0,1410,0,25,37,0,-5.49597855227882,8.82352941176471
4,840,62500,6780,0,1385,0,19,41,0,-1.77304964539007,10.8108108108108
4,850,62500,7868,0,1414,0,34,43,0,2.09386281588448,4.8780487804878
4,860,62500,8517,0,1363,0,25,37,0,-3.60678925035361,-13.953488372093
4,870,62500,8280,0,1385,0,27,32,0,1.61408657373441,-13.5135135135135
4,880,62500,7843,0,1408,0,29,36,0,1.66064981949458,12.5
4,890,62500,8086,0,1395,0,20,32,0,-0.923295454545455,-11.1111111111111
4,900,62500,7570,0,1407,0,29,38,0,0.860215053763441,18.75
4,910,62500,7206,0,1401,0,30,35,0,-0.426439232409382,-7.89473684210526
4,920,62500,7334,0,1394,0,39,39,0,-0.499643112062812,11.4285714285714
4,930,62500,6766,0,1433,0,30,33,0,2.79770444763271,-15.3846153846154
4,940,62500,7138,0,1435,0,30,40,0,0.139567341242149,21.2121212121212
4,950,62500,7504,0,1400,0,31,37,0,-2.4390243902439,-7.5
4,960,62500,7417,0,1409,0,38,38,0,0.642857142857143,2.7027027027027
4,970,62500,7543,0,1403,0,27,33,0,-0.42583392476934,-13.1578947368421
4,980,62500,7352,0,1476,0,29,40,0,5.20313613684961,21.2121212121212
4,990,62500,6002,0,1448,0,32,41,0,-1.8970189701897,2.5
4,1000,62500,7073,0,1418,0,33,46,0,-2.07182320441989,12.1951219512195
5,0,62500,62500,0,100,0,0,0,0,0,0
5,10,62500,57378,0,99,0,0,0,0,-1,0
5,20,62500,57483,0,135,0,0,0,0,36.3636363636364,0
5,30,62500,55591,0,213,0,0,0,0,57.7777777777778,0
5,40,62500,51929,0,303,0,0,0,0,42.2535211267606,0
5,50,62500,47313,0,409,0,0,0,0,34.983498349835,0
5,60,62500,42093,0,575,0,0,0,0,40.5867970660147,0
5,70,62500,33858,0,812,0,0,0,0,41.2173913043478,0
5,80,62500,22863,0,1127,0,0,0,0,38.7931034482759,0
5,90,62500,11724,0,1488,0,0,0,0,32.0319432120674,0
5,100,62500,5282,0,1651,0,0,0,0,10.9543010752688,0
5,110,62500,3454,0,1581,0,0,0,0,-4.23985463355542,0
5,120,62500,3535,0,1642,0,0,0,0,3.85831752055661,0
5,130,62500,3368,0,1636,0,0,0,0,-0.365408038976857,0
5,140,62500,2952,0,1655,0,0,0,0,1.16136919315403,0
5,150,62500,2834,0,1669,0,0,0,0,0.845921450151057,0
5,160,62500,2494,0,1596,0,0,0,0,-4.37387657279808,0
5,170,62500,3100,0,1666,0,0,0,0,4.3859649122807,0
5,180,62500,3014,0,1651,0,0,0,0,-0.900360144057623,0
5,190,62500,2698,0,1639,0,0,0,0,-0.726832222895215,0
5,200,62500,2669,0,1633,0,0,0,0,-0.36607687614399,0
5,210,62500,5404,0,1252,0,76,66,0,-23.3312921004287,0
5,220,62500,12848,0,1170,0,38,51,0,-6.54952076677316,-22.7272727272727
5,230,62500,13756,0,1177,0,48,37,0,0.598290598290598,-27.4509803921569
5,240,62500,13091,0,1282,0,30,30,0,8.92098555649958,-18.9189189189189
5,250,62500,10292,0,1375,0,22,29,0,7.25429017160686,-3.33333333333333
5,260,62500,7630,0,1421,0,28,20,0,3.34545454545455,-31.0344827586207
5,270,62500,7049,0,1528,0,9,22,0,7.52990851513019,10
5,280,62500,4813,0,1528,0,24,27,0,0,22.7272727272727
5,290,62500,5477,0,1483,0,27,26,0,-2.94502617801047,-3.7037037037037
5,300,62500,5586,0,1464,0,24,31,0,-1.28118678354686,19.2307692307692
5,310,62500,6121,0,1449,0,25,37,0,-1.02459016393443,19.3548387096774
5,320,62500,6732,0,1406,0,32,36,0,-2.96756383712905,-2.7027027027027
5,330,62500,7763,0,1375,0,27,33,0,-2.20483641536273,-8.33333333333333
5,340,62500,8074,0,1411,0,22,35,0,2.61818181818182,6.06060606060606
5,350,62500,7099,0,1424,0,28,32,0,0.921332388377038,-8.57142857142857
5,360,62500,7137,0,1423,0,33,37,0,-0.0702247191011236,15.625
5,370,62500,7697,0,1385,0,28,35,0,-2.67041461700632,-5.40540540540541
5,380,62500,7948,0,1417,0,23,33,0,2.31046931407942,-5.71428571428571
5,390,62500,7260,0,1431,0,24,33,0,0.988002822865208,0
5,400,62500,6663,0,1410,0,27,30,0,-1.46750524109015,-9.09090909090909
5,410,62500,7089,0,1491,0,18,29,0,5.74468085106383,-3.33333333333333
5,420,62500,4827,0,1507,0,17,32,0,1.07310529845741,10.3448275862069
5,430,62500,4739,0,1464,0,30,42,0,-2.85335102853351,31.25
5,440,62500,6345,0,1457,0,25,40,0,-0.478142076502732,-4.76190476190476
5,450,62500,7407,0,1388,0,32,41,0,-4.73575840768703,2.5
5,460,62500,8237,0,1385,0,47,37,0,-0.216138328530259,-9.75609756097561
5,470,62500,7375,0,1374,0,40,46,0,-0.794223826714801,24.3243243243243
5,480,62500,7797,0,1425,0,38,42,0,3.7117903930131,-8.69565217391304
5,490,62500,7346,0,1373,0,39,43,0,-3.64912280701754,2.38095238095238
5,500,62500,8436,0,1364,0,32,45,0,-0.655498907501821,4.65116279069767
5,510,62500,8323,0,1367,0,24,43,0,0.219941348973607,-4.44444444444444
5,520,62500,9548,0,1346,0,25,38,0,-1.53621068032187,-11.6279069767442
5,530,62500,9276,0,1291,0,25,37,0,-4.08618127786033,-2.63157894736842
5,540,62500,10510,0,1369,0,25,32,0,6.04182804027885,-13.5135135135135
5,550,62500,7511,0,1422,0,25,33,0,3.87143900657414,3.125
5,560,62500,7847,0,1417,0,32,34,0,-0.351617440225035,3.03030303030303
5,570,62500,7220,0,1433,0,27,29,0,1.12914608327452,-14.7058823529412
5,580,62500,6320,0,1421,0,26,39,0,-0.837404047452896,34.4827586206897
5,590,62500,6976,0,1434,0,31,39,0,0.91484869809993,0
5,600,62500,6639,0,1435,0,31,33,0,0.0697350069735007,-15.3846153846154
5,610,62500,7055,0,1445,0,24,42,0,0.696864111498258,27.2727272727273
5,620,62500,7179,0,1340,0,39,43,0,-7.26643598615917,2.38095238095238
5,630,62500,8935,0,1378,0,29,38,0,2.83582089552239,-11.6279069767442
5,640,62500,7981,0,1413,0,27,35,0,2.53991291727141,-7.89473684210526
5,650,62500,6981,0,1424,0,32,33,0,0.778485491861288,-5.71428571428571
5,660,62500,6583,0,1480,0,23,32,0,3.93258426966292,-3.03030303030303
5,670,62500,6079,0,1453,0,28,34,0,-1.82432432432432,6.25
5,680,62500,6804,0,1398,0,31,39,0,-3.78527185134205,14.7058823529412
5,690,62500,7481,0,1454,0,35,35,0,4.00572246065808,-10.2564102564103
5,700,62500,6181,0,1406,0,23,32,0,-3.30123796423659,-8.57142857142857
5,710,62500,7450,0,1437,0,20,33,0,2.20483641536273,3.125
5,720,62500,7138,0,1408,0,24,41,0,-2.01809324982603,24.2424242424242
5,730,62500,7548,0,1442,0,21,39,0,2.41477272727273,-4.8780487804878
5,740,62500,7749,0,1391,0,34,39,0,-3.53675450762829,0
5,750,62500,7597,0,1400,0,34,36,0,0.647016534867002,-7.69230769230769
5,760,62500,7589,0,1373,0,32,42,0,-1.92857142857143,16.6666666666667
5,770,62500,8230,0,1377,0,34,46,0,0.291332847778587,9.52380952380952
5,780,62500,8701,0,1303,0,37,41,0,-5.37400145243283,-10.8695652173913
5,790,62500,9539,0,1335,0,26,42,0,2.45587106676899,2.4390243902439
5,800,62500,9153,0,1392,0,28,42,0,4.26966292134831,0
5,810,62500,7590,0,1364,0,41,29,0,-2.01149425287356,-30.952380952381
5,820,62500,7828,0,1386,0,25,35,0,1.61290322580645,20.6896551724138
5,830,62500,7505,0,1444,0,23,31,0,4.18470418470418,-11.4285714285714
5,840,62500,7107,0,1438,0,28,35,0,-0.415512465373961,12.9032258064516
5,850,62500,6257,0,1426,0,35,37,0,-0.834492350486787,5.71428571428571
5,860,62500,7260,0,1432,0,36,42,0,0.420757363253857,13.5135135135135
5,870,62500,7142,0,1421,0,35,38,0,-0.768156424581006,-9.52380952380952
5,880,62500,6979,0,1397,0,33,35,0,-1.68895144264602,-7.89473684210526
5,890,62500,7718,0,1414,0,27,36,0,1.21689334287759,2.85714285714286
5,900,62500,6847,0,1419,0,36,41,0,0.353606789250354,13.8888888888889
5,910,62500,7225,0,1408,0,31,41,0,-0.775193798449612,0
5,920,62500,7473,0,1423,0,30,35,0,1.06534090909091,-14.6341463414634
5,930,62500,6956,0,1409,0,30,37,0,-0.983836964160225,5.71428571428571
5,940,62500,7100,0,1414,0,25,35,0,0.35486160397445,-5.40540540540541
5,950,62500,6802,0,1419,0,29,37,0,0.353606789250354,5.71428571428571
5,960,62500,7805,0,1381,0,25,46,0,-2.67794221282593,24.3243243243243
5,970,62500,8327,0,1360,0,24,39,0,-1.52063721940623,-15.2173913043478
5,980,62500,9543,0,1341,0,24,39,0,-1.39705882352941,0
5,990,62500,8738,0,1378,0,23,51,0,2.75913497390007,30.7692307692308
5,1000,62500,7830,0,1383,0,38,44,0,0.362844702467344,-13.7254901960784
6,0,62500,62500,0,100,0,0,0,0,0,0
6,10,62500,57606,0,98,0,0,0,0,-2,0
6,20,62500,57668,0,122,0,0,0,0,24.4897959183673,0
6,30,62500,56489,0,172,0,0,0,0,40.9836065573771,0
6,40,62500,53841,0,262,0,0,0,0,52.3255813953488,0
6,50,62500,49164,0,368,0,0,0,0,40.4580152671756,0
6,60,62500,44440,0,511,0,0,0,0,38.8586956521739,0
6,70,62500,36879,0,696,0,0,0,0,36.2035225048924,0
6,80,62500,28720,0,953,0,0,0,0,36.9252873563218,0
6,90,62500,18024,0,1264,0,0,0,0,32.6337880377754,0
6,100,62500,9357,0,1547,0,0,0,0,22.3892405063291,0
6,110,62500,4495,0,1629,0,0,0,0,5.30058177117001,0
6,120,62500,3179,0,1640,0,0,0,0,0.675260896255371,0
6,130,62500,2721,0,1628,0,0,0,0,-0.731707317073171,0
6,140,62500,2988,0,1683,0,0,0,0,3.37837837837838,0
6,150,62500,2152,0,1680,0,0,0,0,-0.17825311942959,0
6,160,62500,3065,0,1653,0,0,0,0,-1.60714285714286,0
6,170,62500,2814,0,1645,0,0,0,0,-0.483968542044767,0
6,180,62500,2317,0,1670,0,0,0,0,1.51975683890578,0
6,190,62500,2855,0,1650,0,0,0,0,-1.19760479041916,0
6,200,62500,3050,0,1654,0,0,0,0,0.242424242424242,0
6,210,62500,5674,0,1218,0,70,65,0,-26.360338573156,0
6,220,62500,13292,0,1127,0,41,54,0,-7.47126436781609,-16.9230769230769
6,230,62500,15440,0,1177,0,27,36,0,4.43655723158829,-33.3333333333333
6,240,62500,11468,0,1349,0,27,24,0,14.6134239592184,-33.3333333333333
6,250,62500,8104,0,1426,0,25,26,0,5.70793180133432,8.33333333333333
6,260,62500,7105,0,1452,0,21,22,0,1.82328190743338,-15.3846153846154
6,270,62500,6501,0,1482,0,18,32,0,2.06611570247934,45.4545454545455
6,280,62500,6171,0,1427,0,34,33,0,-3.71120107962213,3.125
6,290,62500,6660,0,1457,0,23,35,0,2.10231254379818,6.06060606060606
6,300,62500,6296,0,1451,0,24,37,0,-0.411805078929307,5.71428571428571
6,310,62500,6650,0,1415,0,26,34,0,-2.48104755341144,-8.10810810810811
6,320,62500,6826,0,1466,0,27,37,0,3.60424028268551,8.82352941176471
6,330,62500,6834,0,1392,0,28,41,0,-5.04774897680764,10.8108108108108
6,340,62500,8339,0,1367,0,38,44,0,-1.79597701149425,7.31707317073171
6,350,62500,8242,0,1370,0,35,42,0,0.21945866861741,-4.54545454545455
6,360,62500,8445,0,1413,0,30,40,0,3.13868613138686,-4.76190476190476
6,370,62500,7421,0,1381,0,31,42,0,-2.26468506723284,5
6,380,62500,7899,0,1359,0,38,41,0,-1.59304851556843,-2.38095238095238
6,390,62500,8084,0,1364,0,34,43,0,0.367917586460633,4.8780487804878
6,400,62500,9127,0,1365,0,31,38,0,0.0733137829912024,-11.6279069767442
6,410,62500,8616,0,1376,0,30,37,0,0.805860805860806,-2.63157894736842
6,420,62500,8272,0,1385,0,23,36,0,0.654069767441861,-2.7027027027027
6,430,62500,7604,0,1434,0,32,33,0,3.53790613718412,-8.33333333333333
6,440,62500,6693,0,1432,0,22,30,0,-0.139470013947001,-9.09090909090909
6,450,62500,6494,0,1425,0,23,37,0,-0.488826815642458,23.3333333333333
6,460,62500,6979,0,1401,0,33,34,0,-1.68421052631579,-8.10810810810811
6,470,62500,7260,0,1489,0,18,36,0,6.28122769450393,5.88235294117647
6,480,62500,6534,0,1415,0,31,39,0,-4.96977837474815,8.33333333333333
6,490,62500,7599,0,1385,0,45,44,0,-2.12014134275618,12.8205128205128
6,500,62500,6932,0,1387,0,32,43,0,0.144404332129964,-2.27272727272727
6,510,62500,9006,0,1331,0,43,45,0,-4.03749098774333,4.65116279069767
6,520,62500,9542,0,1345,0,35,45,0,1.05184072126221,0
6,530,62500,9174,0,1352,0,40,40,0,0.520446096654275,-11.1111111111111
6,540,62500,8177,0,1333,0,28,35,0,-1.40532544378698,-12.5
6,550,62500,9767,0,1371,0,38,32,0,2.85071267816954,-8.57142857142857
6,560,62500,8502,0,1398,0,27,34,0,1.96936542669584,6.25
6,570,62500,7011,0,1443,0,26,28,0,3.21888412017167,-17.6470588235294
6,580,62500,5973,0,1492,0,28,25,0,3.3957033957034,-10.7142857142857
6,590,62500,5349,0,1468,0,18,37,0,-1.60857908847185,48
6,600,62500,6287,0,1469,0,35,37,0,0.0681198910081744,0
6,610,62500,6532,0,1448,0,37,36,0,-1.42954390742001,-2.7027027027027
6,620,62500,6609,0,1449,0,29,35,0,0.069060773480663,-2.77777777777778
6,630,62500,7529,0,1382,0,19,38,0,-4.62387853692201,8.57142857142857
6,640,62500,7752,0,1365,0,39,36,0,-1.2301013024602,-5.26315789473684
6,650,62500,8885,0,1385,0,26,38,0,1.46520146520147,5.55555555555556
6,660,62500,8708,0,1366,0,30,40,0,-1.37184115523466,5.26315789473684
6,670,62500,9228,0,1306,0,28,38,0,-4.39238653001464,-5
6,680,62500,9475,0,1386,0,33,35,0,6.12557427258806,-7.89473684210526
6,690,62500,8243,0,1373,0,21,40,0,-0.937950937950938,14.2857142857143
6,700,62500,8035,0,1369,0,30,37,0,-0.291332847778587,-7.5
6,710,62500,7593,0,1405,0,23,32,0,2.62965668371074,-13.5135135135135
6,720,62500,8055,0,1476,0,25,34,0,5.05338078291815,6.25
6,730,62500,6504,0,1423,0,30,38,0,-3.59078590785908,11.7647058823529
6,740,62500,7126,0,1365,0,21,38,0,-4.07589599437807,0
6,750,62500,8338,0,1386,0,30,42,0,1.53846153846154,10.5263157894737
6,760,62500,8621,0,1362,0,23,28,0,-1.73160173160173,-33.3333333333333
6,770,62500,8359,0,1398,0,20,28,0,2.6431718061674,0
6,780,62500,7310,0,1443,0,21,33,0,3.21888412017167,17.8571428571429
6,790,62500,7224,0,1481,0,23,31,0,2.63340263340263,-6.06060606060606
6,800,62500,5402,0,1418,0,27,29,0,-4.25388251181634,-6.45161290322581
6,810,62500,6811,0,1542,0,20,28,0,8.74471086036671,-3.44827586206897
6,820,62500,5098,0,1472,0,23,30,0,-4.53955901426719,7.14285714285714
6,830,62500,5895,0,1420,0,27,36,0,-3.53260869565217,20
6,840,62500,6940,0,1439,0,31,36,0,1.33802816901408,0
6,850,62500,6133,0,1442,0,24,38,0,0.208478109798471,5.55555555555556
6,860,62500,7194,0,1410,0,31,35,0,-2.21914008321775,-7.89473684210526
6,870,62500,6810,0,1421,0,30,40,0,0.780141843971631,14.2857142857143
6,880,62500,7345,0,1415,0,25,43,0,-0.422237860661506,7.5
6,890,62500,7459,0,1409,0,28,35,0,-0.424028268551237,-18.6046511627907
6,900,62500,7964,0,1418,0,28,39,0,0.63875088715401,11.4285714285714
6,910,62500,7811,0,1400,0,32,42,0,-1.26939351198872,7.69230769230769
6,920,62500,7922,0,1361,0,36,42,0,-2.78571428571429,0
6,930,62500,9217,0,1367,0,32,48,0,0.440852314474651,14.2857142857143
6,940,62500,8886,0,1263,0,40,50,0,-7.60790051207023,4.16666666666667
6,950,62500,12180,0,1216,0,35,47,0,-3.72129849564529,-6
6,960,62500,12478,0,1239,0,29,41,0,1.89144736842105,-12.7659574468085
6,970,62500,11014,0,1313,0,20,30,0,5.9725585149314,-26.8292682926829
6,980,62500,9176,0,1384,0,25,32,0,5.40746382330541,6.66666666666667
6,990,62500,8106,0,1399,0,32,34,0,1.08381502890173,6.25
6,1000,62500,7664,0,1412,0,30,34,0,0.929235167977126,0
7,0,62500,62500,0,100,0,0,0,0,0,0
7,10,62500,57714,0,95,0,0,0,0,-5,0
7,20,62500,57863,0,128,0,0,0,0,34.7368421052632,0
7,30,62500,56064,0,184,0,0,0,0,43.75,0
7,40,62500,53259,0,274,0,0,0,0,48.9130434782609,0
7,50,62500,48422,0,379,0,0,0,0,38.3211678832117,0
7,60,62500,43703,0,551,0,0,0,0,45.3825857519789,0
7,70,62500,34786,0,744,0,0,0,0,35.02722323049,0
7,80,62500,25912,0,1045,0,0,0,0,40.4569892473118,0
7,90,62500,14571,0,1390,0,0,0,0,33.0143540669856,0
7,100,62500,6996,0,1532,0,0,0,0,10.2158273381295,0
7,110,62500,3918,0,1669,0,0,0,0,8.94255874673629,0
7,120,62500,2947,0,1690,0,0,0,0,1.25823846614739,0
7,130,62500,2618,0,1643,0,0,0,0,-2.7810650887574,0
7,140,62500,3094,0,1625,0,0,0,0,-1.09555690809495,0
7,150,62500,2953,0,1661,0,0,0,0,2.21538461538462,0
7,160,62500,2723,0,1640,0,0,0,0,-1.26429861529199,0
7,170,62500,3079,0,1635,0,0,0,0,-0.304878048780488,0
7,180,62500,3277,0,1697,0,0,0,0,3.79204892966361,0
7,190,62500,2290,0,1634,0,0,0,0,-3.71243370654095,0
7,200,62500,3254,0,1686,0,0,0,0,3.18237454100367,0
7,210,62500,6289,0,1180,0,76,70,0,-30.011862396204,0
7,220,62500,15430,0,1079,0,32,46,0,-8.5593220338983,-34.2857142857143
7,230,62500,16178,0,1192,0,26,25,0,10.4726598702502,-45.6521739130435
7,240,62500,12048,0,1360,0,18,18,0,14.0939597315436,-28
7,250,62500,7420,0,1440,0,18,22,0,5.88235294117647,22.2222222222222
7,260,62500,5778,0,1525,0,17,23,0,5.90277777777778,4.54545454545455
7,270,62500,5104,0,1528,0,24,25,0,0.19672131147541,8.69565217391304
7,280,62500,4909,0,1501,0,20,30,0,-1.76701570680628,20
7,290,62500,5191,0,1475,0,28,30,0,-1.73217854763491,0
7,300,62500,5965,0,1446,0,25,29,0,-1.96610169491525,-3.33333333333333
7,310,62500,6236,0,1464,0,28,46,0,1.2448132780083,58.6206896551724
7,320,62500,6542,0,1367,0,34,46,0,-6.62568306010929,0
7,330,62500,8586,0,1343,0,40,47,0,-1.75566934893928,2.17391304347826
7,340,62500,9886,0,1334,0,47,51,0,-0.670141474311243,8.51063829787234
7,350,62500,9977,0,1290,0,44,41,0,-3.29835082458771,-19.6078431372549
7,360,62500,10182,0,1332,0,27,34,0,3.25581395348837,-17.0731707317073
7,370,62500,8713,0,1375,0,29,29,0,3.22822822822823,-14.7058823529412
7,380,62500,7285,0,1393,0,21,27,0,1.30909090909091,-6.89655172413793
7,390,62500,7111,0,1498,0,26,29,0,7.53768844221106,7.40740740740741
7,400,62500,5720,0,1436,0,19,32,0,-4.1388518024032,10.3448275862069
7,410,62500,6703,0,1461,0,18,29,0,1.74094707520891,-9.375
7,420,62500,5575,0,1456,0,30,42,0,-0.342231348391513,44.8275862068966
7,430,62500,7275,0,1465,0,24,37,0,0.618131868131868,-11.9047619047619
7,440,62500,6759,0,1426,0,26,38,0,-2.66211604095563,2.7027027027027
7,450,62500,6415,0,1410,0,41,35,0,-1.12201963534362,-7.89473684210526
7,460,62500,6928,0,1445,0,27,38,0,2.4822695035461,8.57142857142857
7,470,62500,6652,0,1472,0,24,33,0,1.86851211072664,-13.1578947368421
7,480,62500,6224,0,1416,0,28,36,0,-3.80434782608696,9.09090909090909
7,490,62500,7653,0,1399,0,30,35,0,-1.20056497175141,-2.77777777777778
7,500,62500,7952,0,1402,0,24,37,0,0.214438884917798,5.71428571428571
7,510,62500,7724,0,1356,0,26,51,0,-3.28102710413695,37.8378378378378
7,520,62500,8896,0,1309,0,42,41,0,-3.46607669616519,-19.6078431372549
7,530,62500,10146,0,1321,0,29,49,0,0.916730328495034,19.5121951219512
7,540,62500,10130,0,1294,0,28,45,0,-2.0439061317184,-8.16326530612245
7,550,62500,9919,0,1340,0,38,41,0,3.5548686244204,-8.88888888888889
7,560,62500,9132,0,1316,0,29,45,0,-1.7910447761194,9.75609756097561
7,570,62500,9547,0,1335,0,37,40,0,1.44376899696049,-11.1111111111111
7,580,62500,8913,0,1376,0,32,38,0,3.07116104868914,-5
7,590,62500,8176,0,1364,0,32,44,0,-0.872093023255814,15.7894736842105
7,600,62500,8752,0,1381,0,33,37,0,1.24633431085044,-15.9090909090909
7,610,62500,8142,0,1399,0,23,39,0,1.30340333091962,5.40540540540541
7,620,62500,7580,0,1362,0,27,42,0,-2.64474624731951,7.69230769230769
7,630,62500,7989,0,1425,0,34,36,0,4.62555066079295,-14.2857142857143
7,640,62500,6793,0,1412,0,31,40,0,-0.912280701754386,11.1111111111111
7,650,62500,7107,0,1410,0,35,39,0,-0.141643059490085,-2.5
7,660,62500,7750,0,1392,0,33,39,0,-1.27659574468085,0
7,670,62500,7780,0,1377,0,32,36,0,-1.07758620689655,-7.69230769230769
7,680,62500,9059,0,1326,0,31,48,0,-3.7037037037037,33.3333333333333
7,690,62500,9332,0,1349,0,38,44,0,1.73453996983409,-8.33333333333333
7,700,62500,8620,0,1307,0,35,49,0,-3.11341734618236,11.3636363636364
7,710,62500,10449,0,1303,0,35,40,0,-0.306044376434583,-18.3673469387755
7,720,62500,9146,0,1362,0,26,32,0,4.52801227935533,-20
7,730,62500,9283,0,1412,0,32,31,0,3.67107195301028,-3.125
7,740,62500,7875,0,1400,0,21,27,0,-0.84985835694051,-12.9032258064516
7,750,62500,8276,0,1418,0,22,21,0,1.28571428571429,-22.2222222222222
7,760,62500,6441,0,1517,0,17,24,0,6.98166431593794,14.2857142857143
7,770,62500,5348,0,1487,0,21,35,0,-1.977587343441,45.8333333333333
7,780,62500,5942,0,1443,0,31,31,0,-2.95897780766644,-11.4285714285714
7,790,62500,6726,0,1439,0,31,35,0,-0.277200277200277,12.9032258064516
7,800,62500,6429,0,1443,0,32,40,0,0.277970813064628,14.2857142857143
7,810,62500,6537,0,1418,0,32,46,0,-1.73250173250173,15
7,820,62500,7322,0,1351,0,45,42,0,-4.72496473906911,-8.69565217391304
7,830,62500,9066,0,1337,0,33,45,0,-1.03626943005181,7.14285714285714
7,840,62500,9810,0,1348,0,38,39,0,0.822737471952132,-13.3333333333333
7,850,62500,8997,0,1384,0,25,36,0,2.67062314540059,-7.69230769230769
7,860,62500,7910,0,1383,0,32,33,0,-0.0722543352601156,-8.33333333333333
7,870,62500,7196,0,1447,0,30,40,0,4.62762111352133,21.2121212121212
7,880,62500,6879,0,1397,0,38,40,0,-3.45542501727713,0
7,890,62500,7482,0,1381,0,36,41,0,-1.14531138153185,2.5
7,900,62500,7891,0,1366,0,26,38,0,-1.08616944243302,-7.31707317073171
7,910,62500,7648,0,1397,0,28,42,0,2.26939970717423,10.5263157894737
7,920,62500,7577,0,1391,0,34,37,0,-0.429491768074445,-11.9047619047619
7,930,62500,7738,0,1377,0,38,33,0,-1.00647016534867,-10.8108108108108
7,940,62500,7041,0,1438,0,25,32,0,4.42992011619463,-3.03030303030303
7,950,62500,5907,0,1444,0,28,39,0,0.417246175243394,21.875
7,960,62500,6185,0,1439,0,38,43,0,-0.346260387811634,10.2564102564103
7,970,62500,7472,0,1425,0,35,51,0,-0.972897845726199,18.6046511627907
7,980,62500,7580,0,1352,0,34,46,0,-5.12280701754386,-9.80392156862745
7,990,62500,9116,0,1311,0,34,44,0,-3.03254437869822,-4.34782608695652
7,1000,62500,9693,0,1291,0,28,32,0,-1.5255530129672,-27.2727272727273
8,0,62500,62500,0,100,0,0,0,0,0,0
8,10,62500,57382,0,103,0,0,0,0,3,0
8,20,62500,57187,0,153,0,0,0,0,48.5436893203884,0
8,30,62500,54788,0,216,0,0,0,0,41.1764705882353,0
8,40,62500,51803,0,301,0,0,0,0,39.3518518518519,0
8,50,62500,47461,0,419,0,0,0,0,39.202657807309,0
8,60,62500,41659,0,557,0,0,0,0,32.9355608591885,0
8,70,62500,34905,0,814,0,0,0,0,46.1400359066427,0
8,80,62500,22945,0,1120,0,0,0,0,37.5921375921376,0
8,90,62500,12425,0,1453,0,0,0,0,29.7321428571429,0
8,100,62500,4908,0,1633,0,0,0,0,12.388162422574,0
8,110,62500,2995,0,1653,0,0,0,0,1.22473974280465,0
8,120,62500,2863,0,1688,0,0,0,0,2.11736237144586,0
8,130,62500,2763,0,1596,0,0,0,0,-5.45023696682464,0
8,140,62500,3321,0,1636,0,0,0,0,2.5062656641604,0
8,150,62500,2110,0,1703,0,0,0,0,4.09535452322738,0
8,160,62500,2198,0,1647,0,0,0,0,-3.28831473869642,0
8,170,62500,3250,0,1608,0,0,0,0,-2.36794171220401,0
8,180,62500,3221,0,1659,0,0,0,0,3.17164179104478,0
8,190,62500,2639,0,1649,0,0,0,0,-0.602772754671489,0
8,200,62500,2565,0,1670,0,0,0,0,1.27349909035779,0
8,210,62500,5674,0,1215,0,70,55,0,-27.2455089820359,0
8,220,62500,12588,0,1190,0,36,41,0,-2.05761316872428,-25.4545454545455
8,230,62500,12409,0,1286,0,31,29,0,8.0672268907563,-29.2682926829268
8,240,62500,9203,0,1401,0,21,34,0,8.94245723172628,17.2413793103448
8,250,62500,7326,0,1408,0,26,39,0,0.499643112062812,14.7058823529412
8,260,62500,6403,0,1488,0,28,33,0,5.68181818181818,-15.3846153846154
8,270,62500,5887,0,1441,0,24,35,0,-3.15860215053763,6.06060606060606
8,280,62500,6668,0,1426,0,29,33,0,-1.04094378903539,-5.71428571428571
8,290,62500,7026,0,1409,0,20,38,0,-1.19214586255259,15.1515151515152
8,300,62500,8005,0,1384,0,33,40,0,-1.77430801987225,5.26315789473684
8,310,62500,8439,0,1392,0,27,31,0,0.578034682080925,-22.5
8,320,62500,7362,0,1431,0,25,28,0,2.80172413793103,-9.67741935483871
8,330,62500,6613,0,1465,0,22,28,0,2.3759608665269,0
8,340,62500,5621,0,1489,0,23,26,0,1.6382252559727,-7.14285714285714
8,350,62500,5510,0,1501,0,21,35,0,0.805910006715917,34.6153846153846
8,360,62500,5606,0,1431,0,26,41,0,-4.66355762824784,17.1428571428571
8,370,62500,6966,0,1388,0,35,40,0,-3.00489168413697,-2.4390243902439
8,380,62500,8538,0,1424,0,23,45,0,2.59365994236311,12.5
8,390,62500,8356,0,1286,0,37,41,0,-9.69101123595506,-8.88888888888889
8,400,62500,10793,0,1293,0,31,41,0,0.544323483670295,0
8,410,62500,10426,0,1363,0,22,39,0,5.4137664346481,-4.8780487804878
8,420,62500,8285,0,1361,0,33,33,0,-0.146735143066764,-15.3846153846154
8,430,62500,8253,0,1412,0,29,36,0,3.74724467303453,9.09090909090909
8,440,62500,8342,0,1343,0,32,34,0,-4.88668555240793,-5.55555555555556
8,450,62500,9136,0,1360,0,30,43,0,1.26582278481013,26.4705882352941
8,460,62500,8593,0,1370,0,21,31,0,0.735294117647059,-27.906976744186
8,470,62500,8276,0,1387,0,23,34,0,1.24087591240876,9.67741935483871
8,480,62500,8160,0,1420,0,30,37,0,2.37923576063446,8.82352941176471
8,490,62500,7450,0,1398,0,26,50,0,-1.54929577464789,35.1351351351351
8,500,62500,7987,0,1347,0,43,48,0,-3.6480686695279,-4
8,510,62500,9497,0,1324,0,36,45,0,-1.70749814402376,-6.25
8,520,62500,9411,0,1321,0,42,38,0,-0.226586102719033,-15.5555555555556
8,530,62500,9529,0,1369,0,32,41,0,3.6336109008327,7.89473684210526
8,540,62500,7765,0,1394,0,23,32,0,1.82615047479912,-21.9512195121951
8,550,62500,7394,0,1416,0,23,33,0,1.57819225251076,3.125
8,560,62500,6774,0,1424,0,22,34,0,0.564971751412429,3.03030303030303
8,570,62500,6659,0,1444,0,26,35,0,1.40449438202247,2.94117647058824
8,580,62500,6493,0,1443,0,26,40,0,-0.0692520775623269,14.2857142857143
8,590,62500,7034,0,1400,0,34,35,0,-2.97990297990298,-12.5
8,600,62500,7701,0,1378,0,24,34,0,-1.57142857142857,-2.85714285714286
8,610,62500,7861,0,1398,0,24,35,0,1.45137880986938,2.94117647058824
8,620,62500,6953,0,1431,0,41,38,0,2.36051502145923,8.57142857142857
8,630,62500,6616,0,1412,0,31,38,0,-1.3277428371768,0
8,640,62500,7231,0,1436,0,22,37,0,1.69971671388102,-2.63157894736842
8,650,62500,6687,0,1448,0,28,38,0,0.835654596100279,2.7027027027027
8,660,62500,5942,0,1399,0,28,35,0,-3.38397790055249,-7.89473684210526
8,670,62500,7280,0,1430,0,18,38,0,2.21586847748392,8.57142857142857
8,680,62500,7315,0,1396,0,26,40,0,-2.37762237762238,5.26315789473684
8,690,62500,8931,0,1358,0,29,42,0,-2.72206303724928,5
8,700,62500,10274,0,1324,0,31,33,0,-2.50368188512518,-21.4285714285714
8,710,62500,9898,0,1372,0,25,34,0,3.62537764350453,3.03030303030303
8,720,62500,8841,0,1382,0,26,33,0,0.728862973760933,-2.94117647058824
8,730,62500,7318,0,1461,0,27,36,0,5.71635311143271,9.09090909090909
8,740,62500,6468,0,1413,0,32,36,0,-3.28542094455852,0
8,750,62500,7721,0,1400,0,20,28,0,-0.92002830856334,-22.2222222222222
8,760,62500,7019,0,1485,0,22,35,0,6.07142857142857,25
8,770,62500,6090,0,1439,0,35,28,0,-3.0976430976431,-20
8,780,62500,6832,0,1417,0,17,33,0,-1.52883947185546,17.8571428571429
8,790,62500,7105,0,1455,0,30,33,0,2.68172194777699,0
8,800,62500,6699,0,1428,0,27,37,0,-1.85567010309278,12.1212121212121
8,810,62500,7037,0,1400,0,31,37,0,-1.96078431372549,0
8,820,62500,7319,0,1361,0,19,31,0,-2.78571428571429,-16.2162162162162
8,830,62500,8782,0,1406,0,22,36,0,3.30639235855988,16.1290322580645
8,840,62500,7914,0,1416,0,30,42,0,0.711237553342816,16.6666666666667
8,850,62500,7686,0,1387,0,43,36,0,-2.04802259887006,-14.2857142857143
8,860,62500,7653,0,1380,0,25,42,0,-0.504686373467916,16.6666666666667
8,870,62500,8546,0,1379,0,42,41,0,-0.072463768115942,-2.38095238095238
8,880,62500,7911,0,1387,0,27,33,0,0.580130529369108,-19.5121951219512
8,890,62500,7611,0,1398,0,19,33,0,0.793078586878154,0
8,900,62500,7138,0,1482,0,20,27,0,6.00858369098712,-18.1818181818182
8,910,62500,6098,0,1470,0,20,28,0,-0.809716599190283,3.7037037037037
8,920,62500,5558,0,1467,0,21,32,0,-0.204081632653061,14.2857142857143
8,930,62500,6340,0,1462,0,37,30,0,-0.340831629175187,-6.25
8,940,62500,6480,0,1449,0,22,43,0,-0.889192886456908,43.3333333333333
8,950,62500,6565,0,1428,0,35,40,0,-1.44927536231884,-6.97674418604651
8,960,62500,7203,0,1411,0,31,38,0,-1.19047619047619,-5
8,970,62500,7733,0,1356,0,34,50,0,-3.8979447200567,31.5789473684211
8,980,62500,9237,0,1327,0,32,42,0,-2.13864306784661,-16
8,990,62500,8825,0,1353,0,25,34,0,1.95930670685757,-19.047619047619
8,1000,62500,8924,0,1344,0,29,38,0,-0.665188470066519,11.7647058823529
9,0,62500,62500,0,100,0,0,0,0,0,0
9,10,62500,57457,0,97,0,0,0,0,-3,0
9,20,62500,57468,0,159,0,0,0,0,63.9175257731959,0
9,30,62500,54647,0,217,0,0,0,0,36.4779874213836,0
9,40,62500,51887,0,305,0,0,0,0,40.5529953917051,0
9,50,62500,47044,0,416,0,0,0,0,36.3934426229508,0
9,60,62500,41437,0,604,0,0,0,0,45.1923076923077,0
9,70,62500,32628,0,849,0,0,0,0,40.5629139072848,0
9,80,62500,22039,0,1135,0,0,0,0,33.6866902237927,0
9,90,62500,11596,0,1422,0,0,0,0,25.2863436123348,0
9,100,62500,6080,0,1611,0,0,0,0,13.2911392405063,0
9,110,62500,2970,0,1683,0,0,0,0,4.46927374301676,0
9,120,62500,2622,0,1690,0,0,0,0,0.41592394533571,0
9,130,62500,2428,0,1597,0,0,0,0,-5.50295857988166,0
9,140,62500,3613,0,1624,0,0,0,0,1.69067000626174,0
9,150,62500,3155,0,1637,0,0,0,0,0.800492610837438,0
9,160,62500,3181,0,1682,0,0,0,0,2.74893097128894,0
9,170,62500,2698,0,1634,0,0,0,0,-2.85374554102259,0
9,180,62500,3053,0,1657,0,0,0,0,1.40758873929009,0
9,190,62500,2545,0,1675,0,0,0,0,1.08630054315027,0
9,200,62500,3085,0,1603,0,0,0,0,-4.29850746268657,0
9,210,62500,7351,0,1183,0,76,59,0,-26.2008733624454,0
9,220,62500,14315,0,1099,0,27,39,0,-7.10059171597633,-33.8983050847458
9,230,62500,15610,0,1212,0,27,34,0,10.2820746132848,-12.8205128205128
9,240,62500,11335,0,1343,0,25,24,0,10.8085808580858,-29.4117647058824
9,250,62500,8770,0,1435,0,24,21,0,6.85033507073716,-12.5
9,260,62500,6382,0,1522,0,17,28,0,6.06271777003484,33.3333333333333
9,270,62500,5119,0,1495,0,25,32,0,-1.77398160315374,14.2857142857143
9,280,62500,5606,0,1423,0,27,29,0,-4.81605351170569,-9.375
9,290,62500,6853,0,1455,0,29,34,0,2.2487702037948,17.2413793103448
9,300,62500,6103,0,1464,0,27,36,0,0.618556701030928,5.88235294117647
9,310,62500,6533,0,1372,0,27,40,0,-6.28415300546448,11.1111111111111
9,320,62500,8114,0,1375,0,27,37,0,0.21865889212828,-7.5
9,330,62500,8205,0,1416,0,26,33,0,2.98181818181818,-10.8108108108108
9,340,62500,7147,0,1422,0,30,31,0,0.423728813559322,-6.06060606060606
9,350,62500,6838,0,1427,0,14,31,0,0.351617440225035,0
9,360,62500,6859,0,1441,0,16,31,0,0.981079187105816,0
9,370,62500,6573,0,1456,0,20,29,0,1.04094378903539,-6.45161290322581
9,380,62500,6613,0,1485,0,38,34,0,1.99175824175824,17.2413793103448
9,390,62500,5810,0,1478,0,23,44,0,-0.471380471380471,29.4117647058824
9,400,62500,6422,0,1374,0,32,35,0,-7.03653585926928,-20.4545454545455
9,410,62500,8031,0,1414,0,26,35,0,2.91120815138282,0
9,420,62500,7212,0,1418,0,17,43,0,0.282885431400283,22.8571428571429
9,430,62500,7182,0,1395,0,28,56,0,-1.62200282087447,30.2325581395349
9,440,62500,8237,0,1307,0,33,44,0,-6.30824372759857,-21.4285714285714
9,450,62500,9457,0,1326,0,24,39,0,1.45371078806427,-11.3636363636364
9,460,62500,9811,0,1363,0,32,41,0,2.79034690799397,5.12820512820513
9,470,62500,8541,0,1345,0,34,32,0,-1.32061628760088,-21.9512195121951
9,480,62500,8320,0,1399,0,17,27,0,4.01486988847584,-15.625
9,490,62500,6717,0,1487,0,27,29,0,6.29020729092209,7.40740740740741
9,500,62500,5920,0,1445,0,24,30,0,-2.82447881640888,3.44827586206897
9,510,62500,6149,0,1466,0,35,36,0,1.45328719723183,20
9,520,62500,5984,0,1407,0,24,39,0,-4.02455661664393,8.33333333333333
9,530,62500,7245,0,1483,0,34,41,0,5.40156361051883,5.12820512820513
9,540,62500,6295,0,1445,0,38,37,0,-2.56237356709373,-9.75609756097561
9,550,62500,6879,0,1388,0,33,37,0,-3.94463667820069,0
9,560,62500,7688,0,1369,0,24,38,0,-1.36887608069164,2.7027027027027
9,570,62500,8335,0,1339,0,32,36,0,-2.19138056975895,-5.26315789473684
9,580,62500,8418,0,1412,0,25,36,0,5.45182972367438,0
9,590,62500,7679,0,1386,0,37,38,0,-1.8413597733711,5.55555555555556
9,600,62500,8368,0,1362,0,26,34,0,-1.73160173160173,-10.5263157894737
9,610,62500,8518,0,1429,0,20,30,0,4.91923641703377,-11.7647058823529
9,620,62500,7288,0,1413,0,20,28,0,-1.11966410076977,-6.66666666666667
9,630,62500,6825,0,1463,0,17,30,0,3.53857041755131,7.14285714285714
9,640,62500,5945,0,1458,0,24,37,0,-0.341763499658236,23.3333333333333
9,650,62500,6105,0,1470,0,41,38,0,0.823045267489712,2.7027027027027
9,660,62500,6579,0,1366,0,21,36,0,-7.07482993197279,-5.26315789473684
9,670,62500,8158,0,1433,0,21,43,0,4.90483162518302,19.4444444444444
9,680,62500,6972,0,1388,0,40,41,0,-3.14026517794836,-4.65116279069767
9,690,62500,8208,0,1383,0,46,45,0,-0.360230547550432,9.75609756097561
9,700,62500,7955,0,1317,0,32,42,0,-4.77223427331887,-6.66666666666667
9,710,62500,9273,0,1349,0,23,39,0,2.42976461655277,-7.14285714285714
9,720,62500,9042,0,1377,0,29,36,0,2.07561156412157,-7.69230769230769
9,730,62500,7574,0,1382,0,26,37,0,0.363108206245461,2.77777777777778
9,740,62500,8902,0,1373,0,45,46,0,-0.65123010130246,24.3243243243243
9,750,62500,7876,0,1359,0,41,41,0,-1.01966496722505,-10.8695652173913
9,760,62500,8808,0,1353,0,26,49,0,-0.441501103752759,19.5121951219512
9,770,62500,8409,0,1352,0,34,38,0,-0.073909830007391,-22.4489795918367
9,780,62500,8604,0,1349,0,31,34,0,-0.22189349112426,-10.5263157894737
9,790,62500,8933,0,1333,0,28,46,0,-1.18606375092661,35.2941176470588
9,800,62500,9308,0,1328,0,34,37,0,-0.375093773443361,-19.5652173913043
9,810,62500,9021,0,1417,0,22,32,0,6.70180722891566,-13.5135135135135
9,820,62500,7441,0,1397,0,19,31,0,-1.41143260409315,-3.125
9,830,62500,6926,0,1430,0,23,34,0,2.36220472440945,9.67741935483871
9,840,62500,6752,0,1409,0,37,38,0,-1.46853146853147,11.7647058823529
9,850,62500,7656,0,1383,0,34,32,0,-1.84528034066714,-15.7894736842105
9,860,62500,8019,0,1488,0,22,27,0,7.59219088937093,-15.625
9,870,62500,6338,0,1435,0,28,29,0,-3.56182795698925,7.40740740740741
9,880,62500,6570,0,1429,0,23,30,0,-0.418118466898955,3.44827586206897
9,890,62500,7685,0,1452,0,20,32,0,1.60951714485654,6.66666666666667
9,900,62500,7290,0,1451,0,38,33,0,-0.068870523415978,3.125
9,910,62500,6709,0,1449,0,26,33,0,-0.137835975189524,0
9,920,62500,6711,0,1427,0,21,36,0,-1.51828847481021,9.09090909090909
9,930,62500,7211,0,1451,0,29,43,0,1.68185003503854,19.4444444444444
9,940,62500,7153,0,1343,0,36,33,0,-7.44314266023432,-23.2558139534884
9,950,62500,8936,0,1421,0,26,39,0,5.80789277736411,18.1818181818182
9,960,62500,7006,0,1399,0,31,33,0,-1.54820548909219,-15.3846153846154
9,970,62500,7347,0,1401,0,28,34,0,0.142959256611866,3.03030303030303
9,980,62500,7424,0,1385,0,40,41,0,-1.14204139900071,20.5882352941176
9,990,62500,8618,0,1364,0,30,31,0,-1.51624548736462,-24.390243902439
9,1000,62500,7708,0,1469,0,26,31,0,7.69794721407625,0
10,0,62500,62500,0,100,0,0,0,0,0,0
10,10,62500,57440,0,102,0,0,0,0,2,0
10,20,62500,57529,0,146,0,0,0,0,43.1372549019608,0
10,30,62500,55067,0,206,0,0,0,0,41.0958904109589,0
10,40,62500,52001,0,284,0,0,0,0,37.8640776699029,0
10,50,62500,48255,0,403,0,0,0,0,41.9014084507042,0
10,60,62500,42309,0,602,0,0,0,0,49.3796526054591,0
10,70,62500,32514,0,833,0,0,0,0,38.3720930232558,0
10,80,62500,22532,0,1148,0,0,0,0,37.8151260504202,0
10,90,62500,12074,0,1444,0,0,0,0,25.7839721254355,0
10,100,62500,5790,0,1601,0,0,0,0,10.8725761772853,0
10,110,62500,3553,0,1662,0,0,0,0,3.81011867582761,0
10,120,62500,2581,0,1677,0,0,0,0,0.902527075812274,0
10,130,62500,3028,0,1609,0,0,0,0,-4.05485986881336,0
10,140,62500,3422,0,1653,0,0,0,0,2.73461777501554,0
10,150,62500,3086,0,1625,0,0,0,0,-1.69388989715668,0
10,160,62500,2741,0,1676,0,0,0,0,3.13846153846154,0
10,170,62500,2551,0,1656,0,0,0,0,-1.19331742243437,0
10,180,62500,2871,0,1591,0,0,0,0,-3.92512077294686,0
10,190,62500,2842,0,1685,0,0,0,0,5.90823381521056,0
10,200,62500,2570,0,1657,0,0,0,0,-1.66172106824926,0
10,210,62500,6002,0,1209,0,69,65,0,-27.0368135184068,0
10,220,62500,13605,0,1147,0,45,42,0,-5.12820512820513,-35.3846153846154
10,230,62500,13879,0,1246,0,17,32,0,8.63121185701831,-23.8095238095238
10,240,62500,10975,0,1289,0,16,32,0,3.45104333868379,0
10,250,62500,9155,0,1399,0,26,27,0,8.53374709076804,-15.625
10,260,62500,6845,0,1448,0,18,28,0,3.50250178699071,3.7037037037037
10,270,62500,6670,0,1483,0,24,30,0,2.4171270718232,7.14285714285714
10,280,62500,6084,0,1473,0,26,29,0,-0.674308833445718,-3.33333333333333
10,290,62500,5559,0,1482,0,20,28,0,0.610997963340122,-3.44827586206897
10,300,62500,5283,0,1481,0,23,34,0,-0.0674763832658569,21.4285714285714
10,310,62500,5669,0,1448,0,33,34,0,-2.22822417285618,0
10,320,62500,6849,0,1390,0,42,39,0,-4.00552486187845,14.7058823529412
10,330,62500,8581,0,1412,0,27,46,0,1.58273381294964,17.9487179487179
10,340,62500,7985,0,1356,0,35,41,0,-3.96600566572238,-10.8695652173913
10,350,62500,9115,0,1354,0,27,44,0,-0.147492625368732,7.31707317073171
10,360,62500,9136,0,1321,0,26,41,0,-2.43722304283604,-6.81818181818182
10,370,62500,10019,0,1362,0,28,30,0,3.10370931112793,-26.8292682926829
10,380,62500,8538,0,1452,0,20,26,0,6.6079295154185,-13.3333333333333
10,390,62500,6229,0,1412,0,28,29,0,-2.75482093663912,11.5384615384615
10,400,62500,6424,0,1484,0,24,29,0,5.09915014164306,0
10,410,62500,5712,0,1474,0,27,31,0,-0.673854447439353,6.89655172413793
10,420,62500,6954,0,1442,0,21,33,0,-2.17096336499322,6.45161290322581
10,430,62500,6340,0,1437,0,26,34,0,-0.346740638002774,3.03030303030303
10,440,62500,6640,0,1445,0,24,33,0,0.556715379262352,-2.94117647058824
10,450,62500,6510,0,1419,0,19,40,0,-1.79930795847751,21.2121212121212
10,460,62500,6509,0,1369,0,35,44,0,-3.52360817477097,10
10,470,62500,8603,0,1339,0,35,44,0,-2.19138056975895,0
10,480,62500,9467,0,1339,0,37,42,0,0,-4.54545454545455
10,490,62500,9744,0,1360,0,29,43,0,1.56833457804332,2.38095238095238
10,500,62500,8279,0,1324,0,36,46,0,-2.64705882352941,6.97674418604651
10,510,62500,9727,0,1342,0,35,43,0,1.3595166163142,-6.52173913043478
10,520,62500,8670,0,1353,0,25,38,0,0.819672131147541,-11.6279069767442
10,530,62500,8772,0,1384,0,22,42,0,2.29120473022912,10.5263157894737
10,540,62500,8139,0,1384,0,41,39,0,0,-7.14285714285714
10,550,62500,7632,0,1385,0,33,37,0,0.0722543352601156,-5.12820512820513
10,560,62500,7740,0,1397,0,40,41,0,0.866425992779783,10.8108108108108
10,570,62500,8051,0,1357,0,37,34,0,-2.86327845382963,-17.0731707317073
10,580,62500,8089,0,1407,0,24,37,0,3.68459837877671,8.82352941176471
10,590,62500,7283,0,1414,0,26,39,0,0.497512437810945,5.40540540540541
10,600,62500,6978,0,1390,0,28,37,0,-1.6973125884017,-5.12820512820513
10,610,62500,8234,0,1371,0,32,38,0,-1.36690647482014,2.7027027027027
10,620,62500,8320,0,1379,0,20,32,0,0.583515681983953,-15.7894736842105
10,630,62500,7993,0,1414,0,22,33,0,2.53807106598985,3.125
10,640,62500,7513,0,1459,0,24,27,0,3.18246110325318,-18.1818181818182
10,650,62500,6733,0,1441,0,21,37,0,-1.23372172721042,37.037037037037
10,660,62500,6577,0,1461,0,24,43,0,1.38792505204719,16.2162162162162
10,670,62500,6502,0,1408,0,45,42,0,-3.62765229295003,-2.32558139534884
10,680,62500,7928,0,1360,0,25,39,0,-3.40909090909091,-7.14285714285714
10,690,62500,8667,0,1307,0,34,45,0,-3.89705882352941,15.3846153846154
10,700,62500,9993,0,1370,0,31,37,0,4.82019892884468,-17.7777777777778
10,710,62500,8720,0,1323,0,36,42,0,-3.43065693430657,13.5135135135135
10,720,62500,9901,0,1354,0,35,37,0,2.34315948601663,-11.9047619047619
10,730,62500,8647,0,1337,0,26,30,0,-1.25553914327917,-18.9189189189189
10,740,62500,8563,0,1423,0,30,35,0,6.43231114435303,16.6666666666667
10,750,62500,7204,0,1422,0,26,36,0,-0.0702740688685875,2.85714285714286
10,760,62500,6993,0,1413,0,38,41,0,-0.632911392405063,13.8888888888889
10,770,62500,7378,0,1363,0,35,43,0,-3.53857041755131,4.8780487804878
10,780,62500,8861,0,1365,0,28,50,0,0.146735143066764,16.2790697674419
10,790,62500,8870,0,1299,0,36,50,0,-4.83516483516483,0
10,800,62500,10488,0,1244,0,34,44,0,-4.23402617397998,-12
10,810,62500,11695,0,1295,0,39,45,0,4.09967845659164,2.27272727272727
10,820,62500,9757,0,1353,0,30,33,0,4.47876447876448,-26.6666666666667
10,830,62500,7934,0,1389,0,30,40,0,2.66075388026608,21.2121212121212
10,840,62500,7458,0,1370,0,37,38,0,-1.3678905687545,-5
10,850,62500,7726,0,1413,0,25,35,0,3.13868613138686,-7.89473684210526
10,860,62500,6755,0,1416,0,32,38,0,0.212314225053079,8.57142857142857
10,870,62500,7515,0,1406,0,29,36,0,-0.706214689265537,-5.26315789473684
10,880,62500,7821,0,1437,0,27,43,0,2.20483641536273,19.4444444444444
10,890,62500,6481,0,1408,0,41,47,0,-2.01809324982603,9.30232558139535
10,900,62500,7824,0,1362,0,31,36,0,-3.26704545454545,-23.4042553191489
10,910,62500,8907,0,1386,0,28,34,0,1.76211453744493,-5.55555555555556
10,920,62500,7749,0,1379,0,33,31,0,-0.505050505050505,-8.82352941176471
10,930,62500,7919,0,1420,0,19,30,0,2.97316896301668,-3.2258064516129
10,940,62500,7354,0,1439,0,16,33,0,1.33802816901408,10
10,950,62500,7262,0,1425,0,31,35,0,-0.972897845726199,6.06060606060606
10,960,62500,6323,0,1423,0,25,35,0,-0.140350877192982,0
10,970,62500,7037,0,1404,0,27,35,0,-1.33520730850316,0
10,980,62500,7738,0,1417,0,23,36,0,0.925925925925926,2.85714285714286
10,990,62500,7152,0,1381,0,31,33,0,-2.54057868736768,-8.33333333333333
10,1000,62500,8008,0,1432,0,28,36,0,3.69297610427227,9.09090909090909
